,trip_seconds
0,274
1,840
2,3
3,1320
4,283
5,285
6,643
7,1
8,22
9,557
10,567
11,1666
12,575
13,773
14,587
15,700
16,1209
17,1575
20,1574
21,846
22,100
23,463
24,1468
25,7
26,158
27,438
28,356
29,598
30,590
31,120
32,1213
33,924
34,1259
35,234
36,2114
37,672
38,403
39,1132
40,15
41,9
42,83
43,12
44,1066
45,403
46,990
47,6
48,429
49,656
50,249
51,271
52,1739
53,275
54,425
55,448
56,12
57,2
58,593
59,1544
60,291
61,1266
62,773
63,804
64,197
65,1248
66,460
67,625
68,1488
69,50
70,561
71,603
72,1075
73,1630
74,567
75,1922
76,1
77,334
78,2
79,1
80,986
81,406
82,4
83,1
84,2
85,3
86,276
87,251
88,1475
89,916
90,477
91,1658
92,3
93,1489
94,656
95,435
96,1702
97,270
98,465
99,827
100,12
101,4
102,1170
103,5
104,6
105,64
106,364
107,340
108,351
109,587
110,1142
111,1723
112,879
113,12
114,6
115,1176
116,481
117,379
118,245
119,267
120,1089
121,386
122,508
123,198
124,838
125,326
126,338
127,3
128,1163
130,618
131,406
132,1027
133,595
134,306
135,1271
136,780
137,789
138,178
139,972
140,922
141,982
142,327
143,1223
144,5
145,938
146,1316
147,524
148,0
149,436
150,196
151,1261
152,1006
153,639
154,386
155,390
156,39
157,1149
158,2371
159,1285
160,1
161,1619
162,1803
164,803
165,2
166,3
167,4
168,2
169,3
170,1277
171,658
172,2
173,3
174,836
175,1
176,662
177,25
178,1038
179,560
180,2262
181,699
182,700
184,237
185,1662
186,521
187,1380
188,1468
189,230
190,1
191,3
192,178
193,282
194,381
195,1
196,555
197,701
198,528
199,289
200,1129
201,436
202,701
203,624
204,653
205,200
206,295
207,197
208,521
209,235
210,1834
211,2
212,1655
213,267
214,741
215,9
216,21
217,2
218,963
219,573
220,270
221,69
222,569
223,464
224,691
225,964
226,635
227,496
228,1020
229,7
230,752
231,1
232,11
233,482
234,9
235,493
236,5
237,2
238,3
239,1
240,861
241,667
242,1046
243,9
244,132
245,962
246,582
247,418
248,800
250,9
251,253
252,1
253,523
254,0
255,974
256,471
257,0
258,1
259,836
260,11
261,80
262,364
263,412
264,249
265,733
266,650
267,1
268,713
269,3
270,1122
271,1
272,228
273,426
274,310
275,59
276,417
277,578
278,542
279,311
280,1
281,367
282,493
283,14
284,16
286,151
287,359
288,481
289,176
290,667
291,588
292,1027
293,1423
294,528
295,44
296,1252
297,1486
298,88
299,286
300,261
301,372
302,789
303,851
304,800
305,1004
306,1835
307,1411
308,1740
309,1373
310,1284
311,292
312,407
313,1869
314,1553
315,956
316,404
317,1202
318,86
319,1213
320,153
321,1
322,3
323,3
324,3
325,1
326,897
327,1468
328,478
329,916
330,19
331,263
332,3
333,516
334,1002
335,1310
336,302
337,598
338,248
339,263
340,473
341,435
342,203
343,365
344,325
345,182
346,398
347,187
348,443
349,578
350,923
351,1
352,699
353,712
354,542
355,447
356,778
357,765
358,562
359,448
360,652
361,1807
362,632
363,1924
364,3
365,476
366,373
367,3
368,1744
369,632
370,1657
371,386
372,1
373,1110
374,1
375,376
376,3
377,1016
378,713
379,67
380,209
381,0
382,1
383,1395
384,543
385,532
386,9
387,276
388,4
389,327
390,195
391,496
392,4
393,1
394,2
395,452
397,1449
398,554
399,747
400,316
401,450
402,867
403,277
404,2
405,562
406,1
407,1263
408,1159
409,1990
410,603
411,817
412,1799
413,379
414,328
415,276
416,787
417,528
418,1415
419,1209
420,508
421,716
422,602
423,47
424,472
425,1658
426,1530
427,685
428,19
429,1405
430,534
431,818
432,391
433,384
434,1184
435,2
436,927
437,396
438,2
439,1
440,396
441,406
442,300
443,307
444,235
445,775
446,792
447,631
448,770
449,40
450,454
451,395
452,282
453,646
454,1
455,938
456,405
457,727
458,187
459,198
460,277
461,210
462,259
463,168
464,953
465,424
466,750
467,2571
468,261
469,1399
470,1662
471,33
472,19
473,2
474,10
475,211
476,9
477,332
478,42
479,455
480,508
481,192
482,626
483,1677
484,1100
485,1922
486,556
487,640
488,587
489,173
490,304
491,395
492,889
493,584
494,441
495,1
496,592
497,469
498,46
499,639
500,2143
501,491
502,1047
503,623
504,156
505,917
506,607
507,381
508,365
509,419
510,995
511,748
512,4
513,675
514,1113
515,200
516,1084
517,78
518,705
519,283
520,16
521,6
522,705
523,235
524,1039
525,617
526,492
527,611
528,295
529,17
530,336
531,632
532,992
533,1212
534,363
535,225
536,1773
537,236
538,1835
539,261
541,777
542,4
543,3
544,740
545,288
546,861
547,1
548,189
549,545
550,4
551,1
552,1
553,1457
554,618
555,230
556,364
557,243
558,1541
559,207
560,4
561,2
562,2
563,490
564,4
565,447
566,1
567,3
568,741
569,2
570,2
571,1059
572,302
573,513
574,4
575,1164
576,727
577,122
578,1071
581,455
582,902
583,3
584,352
585,4
586,0
587,3
588,799
589,578
590,34
591,311
592,889
593,719
594,410
595,1134
596,1
597,501
598,1
599,1
600,9
601,2
602,1
603,1
604,16
605,1
606,1
607,958
608,2
609,2
610,1
611,2
612,2
613,7
614,5
615,755
616,274
617,1064
618,1
619,569
620,1
621,1
622,1
623,436
624,38
625,4
626,810
627,34
628,61
629,259
630,307
631,195
632,272
633,1753
634,559
635,505
636,419
637,396
638,6
640,754
641,788
642,2397
643,1551
644,1851
645,1541
646,336
647,641
648,12
649,78
650,428
651,286
652,428
653,1275
654,525
655,463
656,548
657,624
658,279
660,410
661,538
662,336
663,265
664,14
665,1
666,4
667,15
668,242
669,867
670,405
671,545
672,4
673,24
674,171
675,1
676,215
677,550
678,625
679,388
680,1111
681,877
682,516
683,221
684,201
685,2339
686,1784
687,685
688,523
689,402
690,293
691,1509
692,1612
693,347
694,518
695,221
696,1240
697,64
698,650
699,1812
700,32
701,16
703,480
704,581
705,858
706,1
707,1
708,420
709,546
710,784
711,265
712,2619
713,1051
714,456
715,1644
716,10
717,694
718,600
719,380
720,773
721,430
722,327
723,650
724,621
725,184
726,568
727,395
728,472
729,274
730,536
731,2139
732,330
734,494
735,404
736,135
737,283
738,499
739,372
740,720
741,426
742,727
743,954
744,303
745,508
746,225
747,2090
748,514
749,208
750,2021
751,1019
752,310
753,938
754,297
755,1482
756,1538
757,1156
758,708
759,268
760,541
761,1364
762,245
763,2
764,776
765,6
766,672
767,603
768,689
769,2556
770,550
771,509
772,850
773,726
774,238
775,675
776,1003
777,577
778,53
779,245
780,926
781,378
782,1
783,293
784,2238
785,4
786,1819
787,988
788,18
789,178
790,395
791,4
792,2
793,1
794,1
795,2103
796,9
797,1
798,286
799,201
800,280
801,345
802,134
803,627
804,461
805,586
806,2056
807,15
808,180
809,317
810,95
811,737
812,776
813,529
814,303
815,2
816,81
817,413
818,3
819,1102
820,271
821,737
822,258
823,675
824,2092
825,1925
826,887
827,363
828,491
829,2
830,1670
831,227
832,1033
833,0
834,763
835,0
836,475
837,498
838,1
839,253
840,1
841,1135
842,311
843,410
844,375
845,1
846,1333
847,309
848,610
849,385
850,998
851,0
852,457
853,2078
854,765
855,1086
856,5
857,2226
858,46
859,2529
860,12
861,755
862,723
863,1451
865,8
866,1112
867,349
868,8
869,656
870,54
871,258
872,376
874,344
875,696
876,1330
877,550
878,249
879,668
880,57
881,93
882,905
883,587
884,51
885,1
886,2141
887,1
888,117
889,604
890,2
891,2
892,1075
893,412
894,2
895,344
896,2430
897,191
898,363
900,21
901,11
902,8
903,11
904,10
905,326
906,5
907,7
908,4
909,8
910,4
911,3
912,9
913,47
914,49
915,691
916,6
917,6
918,378
919,3
920,491
921,8
922,135
923,41
924,29
925,452
926,1180
927,3
928,220
929,971
930,455
931,566
932,2434
933,785
934,536
935,1710
936,1
937,1
938,109
940,859
941,284
942,2150
943,8
944,638
945,284
946,437
947,419
948,2
949,809
950,948
951,623
952,2
953,563
954,1948
955,1160
956,275
957,272
958,1000
960,1277
961,1830
962,700
963,347
964,488
965,18
966,151
967,536
968,395
969,530
970,1
971,1164
972,1188
973,368
974,668
975,817
976,305
977,721
978,570
979,224
980,542
981,184
982,1102
983,494
984,393
986,502
987,1192
988,209
989,255
990,194
991,1
992,782
993,164
994,230
995,750
996,20
997,852
998,204
999,402
1000,384
1001,1429
1002,72
1003,1279
1004,754
1005,1512
1006,245
1007,139
1008,229
1009,269
1010,203
1011,182
1012,1
1013,96
1014,284
1015,1096
1016,900
1017,359
1018,356
1019,1114
1020,593
1021,2
1022,574
1023,6
1024,1371
1025,876
1026,6
1028,506
1029,390
1030,320
1031,1306
1032,189
1033,648
1034,557
1035,1
1036,1
1037,1
1038,1
1039,0
1040,447
1041,569
1042,5
1043,757
1044,2
1045,488
1046,294
1047,605
1048,21
1049,9
1050,26
1051,378
1052,429
1053,2
1054,762
1055,1
1056,1
1057,473
1058,1150
1059,538
1060,948
1061,327
1062,520
1063,442
1064,696
1065,1081
1066,1015
1067,526
1068,9
1069,279
1070,359
1071,0
1072,1392
1073,479
1074,1
1075,7
1076,4
1077,2
1079,551
1080,1064
1081,5
1082,559
1083,1310
1084,1461
1085,903
1086,530
1087,1399
1088,5
1089,2
1090,1911
1091,734
1092,240
1093,694
1094,493
1095,397
1096,2040
1097,540
1098,2040
1099,2520
1100,1080
1101,2160
1102,420
1103,300
1104,840
1105,1020
1106,480
1107,420
1108,360
1109,1020
1110,120
1111,540
1112,2520
1113,720
1114,1260
1115,840
1116,720
1117,1380
1118,1680
1119,360
1120,540
1121,240
1122,300
1123,360
1124,300
1126,420
1127,420
1128,960
1129,360
1130,1020
1131,600
1132,1440
1133,480
1134,180
1135,780
1136,720
1137,600
1138,540
1139,1500
1140,480
1141,660
1142,1020
1143,1860
1144,180
1145,540
1146,1020
1147,60
1148,600
1149,780
1150,180
1151,480
1152,180
1153,1020
1154,540
1155,420
1156,360
1157,960
1158,840
1159,960
1160,720
1161,840
1162,1200
1163,720
1164,540
1165,660
1166,780
1167,1860
1168,840
1169,1260
1170,480
1171,900
1172,2580
1174,1
1175,2
1176,64
1177,1851
1178,474
1179,18
1180,2655
1181,9
1182,48
1183,1345
1184,67
1185,1
1186,1
1187,2
1188,5
1189,588
1190,1
1191,44
1192,256
1193,234
1194,552
1195,1688
1196,1047
1197,262
1198,2
1199,3
1200,282
1201,768
1202,466
1203,144
1204,1195
1205,326
1206,95
1207,30
1208,47
1209,194
1210,457
1211,190
1212,353
1213,856
1214,1
1215,1
1216,2076
1217,4
1218,12
1219,1
1220,696
1221,543
1222,377
1223,386
1224,729
1225,301
1226,309
1227,479
1228,254
1229,2383
1230,1228
1231,10
1232,390
1233,1
1234,2
1235,1
1236,1
1237,645
1238,6
1239,357
1240,290
1241,445
1242,470
1243,857
1244,2
1245,911
1246,1
1247,1
1248,2
1249,464
1250,602
1251,1
1252,79
1253,748
1254,750
1255,550
1256,445
1257,2
1258,1889
1259,646
1260,787
1261,1
1262,52
1263,170
1264,929
1265,1
1266,869
1267,528
1268,720
1269,518
1270,286
1271,1902
1272,18
1273,13
1274,668
1275,248
1276,501
1277,2
1278,720
1279,1500
1280,1380
1281,600
1282,1920
1283,1800
1284,900
1285,1980
1286,1080
1287,360
1288,2460
1289,1620
1290,1440
1291,1620
1292,1260
1293,1140
1294,540
1295,840
1296,1020
1297,600
1298,2100
1299,1500
1300,1680
1301,1140
1302,2100
1303,1440
1304,1800
1305,2220
1306,1800
1307,2580
1308,1620
1309,1500
1310,1560
1311,1080
1312,1800
1313,1320
1315,2220
1316,1800
1317,2160
1318,2280
1319,1020
1320,1140
1321,1500
1322,1320
1323,1560
1324,2160
1325,1260
1326,2460
1327,1440
1328,1080
1329,1800
1330,1680
1332,1200
1334,1560
1335,1740
1337,2580
1338,1260
1339,2220
1340,900
1341,2100
1342,1920
1343,1080
1344,1800
1345,1020
1346,1800
1347,2460
1349,1200
1350,1320
1352,2160
1354,1380
1355,2280
1356,1140
1357,1560
1358,1920
1359,1920
1360,2460
1361,2220
1362,1380
1363,1620
1364,1200
1365,2040
1366,1260
1367,1080
1368,1320
1369,2280
1370,1680
1371,1740
1372,1500
1373,1980
1374,1260
1375,2640
1376,1440
1377,1440
1378,1440
1379,1680
1381,1620
1382,1080
1383,1320
1385,1320
1386,1320
1387,1860
1388,1200
1389,1200
1390,1680
1391,1440
1392,2340
1393,1140
1394,1320
1395,1680
1396,2640
1397,1260
1398,1620
1399,1800
1400,1620
1402,1380
1403,1260
1404,720
1405,1980
1406,1560
1407,1440
1408,1080
1409,1500
1410,1260
1412,1440
1413,1380
1414,1440
1415,1620
1417,2580
1418,1380
1419,1920
1420,1980
1422,1380
1423,1200
1424,2340
1425,2280
1426,2100
1427,1320
1429,1440
1430,900
1431,1980
1432,2460
1433,1440
1435,0
1436,2100
1437,1200
1439,1440
1441,1740
1442,960
1443,1320
1444,1020
1445,1320
1447,1440
1448,1980
1449,1380
1450,2280
1454,2220
1455,780
1456,480
1458,1380
1460,1800
1461,1620
1462,1680
1463,1740
1464,1740
1465,960
1467,1920
1468,2400
1470,2520
1471,1140
1472,1260
1473,1080
1474,1380
1475,1080
1477,1980
1478,1560
1480,780
1482,1620
1483,1860
1484,1920
1485,1500
1486,1620
1487,1140
1488,780
1491,2400
1492,1800
1493,1260
1495,960
1496,1080
1497,2640
1498,600
1499,360
1500,1140
1501,420
1504,2340
1506,2460
1507,2580
1510,1920
1511,1800
1512,2220
1515,2640
1516,2280
1520,1980
1524,2460
1525,1680
1526,2640
1527,1680
1528,600
1530,1380
1531,480
1532,2160
1533,1500
1534,2340
1535,780
1536,1200
1537,1500
1538,660
1539,1680
1540,60
1542,1560
1543,540
1544,480
1545,900
1546,2580
1547,960
1548,480
1549,2400
1550,780
1551,2280
1552,1260
1553,1440
1554,1140
1555,1500
1556,1620
1557,1680
1558,540
1559,1980
1561,960
1562,1560
1563,1140
1564,1800
1565,1260
1566,720
1567,1080
1568,480
1569,540
1570,360
1571,1740
1572,720
1573,2580
1574,1320
1575,1860
1576,1200
1577,2340
1578,540
1579,960
1580,1080
1581,1260
1582,2040
1583,540
1584,2160
1585,2400
1586,1320
1587,1200
1588,1140
1589,1800
1590,1500
1591,1980
1592,2460
1594,900
1595,840
1596,1080
1597,1440
1598,900
1599,1200
1600,1500
1601,1260
1602,420
1603,540
1604,2340
1605,960
1606,1620
1608,720
1609,1140
1610,1680
1611,1440
1613,960
1614,1080
1615,1800
1616,2220
1617,1080
1618,1980
1619,2400
1620,600
1621,540
1622,1260
1623,2100
1624,1680
1625,1980
1626,1620
1627,1680
1628,1380
1629,1800
1630,480
1631,600
1632,1200
1633,1980
1634,1140
1635,1200
1636,2280
1637,960
1638,480
1639,2040
1640,600
1641,1980
1642,1020
1643,2100
1644,2280
1646,480
1647,1980
1648,1980
1649,1020
1650,1320
1651,2100
1652,1320
1653,360
1654,2580
1655,900
1656,1500
1657,660
1658,600
1659,1680
1660,1620
1661,1620
1662,2100
1663,1320
1664,1200
1665,1920
1666,540
1667,1500
1668,1560
1669,1800
1670,360
1671,780
1672,1800
1673,1500
1674,2280
1675,1560
1676,720
1677,780
1678,1680
1679,1740
1680,420
1681,660
1682,2040
1683,1200
1684,780
1685,1260
1686,720
1687,2100
1689,2580
1690,780
1691,1680
1692,660
1693,660
1694,840
1695,1200
1696,420
1697,2400
1698,960
1699,2400
1700,780
1701,1140
1702,1200
1703,600
1704,2520
1706,240
1707,2400
1708,1260
1709,2160
1710,2520
1711,660
1712,1320
1713,1680
1714,540
1715,1860
1716,2520
1717,2100
1718,2100
1719,1020
1720,1800
1721,540
1722,1440
1723,2100
1724,1080
1725,1662
1726,1440
1727,1080
1728,360
1729,540
1730,540
1731,1620
1733,1475
1735,1320
1736,1920
1737,840
1738,420
1739,1020
1740,1320
1741,1200
1742,1500
1743,1020
1744,480
1745,1680
1746,2460
1747,2280
1748,480
1749,1740
1750,2460
1751,540
1752,960
1753,1920
1754,1800
1755,540
1756,1200
1757,1680
1758,1440
1759,600
1760,1680
1761,360
1762,1080
1763,1860
1764,2100
1765,1740
1766,480
1767,1740
1768,660
1769,2400
1770,480
1771,480
1772,1200
1773,1320
1774,1560
1775,1020
1776,1740
1777,1260
1779,840
1780,360
1781,480
1782,2400
1783,660
1784,1920
1785,2100
1786,1800
1787,420
1788,1800
1789,1380
1790,660
1791,1140
1792,540
1793,420
1794,780
1795,1140
1796,2340
1797,360
1800,1320
1801,1020
1802,1920
1803,1020
1804,360
1805,480
1806,1140
1807,2220
1808,780
1809,840
1810,2280
1811,2580
1812,2400
1813,540
1814,1140
1815,660
1816,480
1817,1260
1818,1260
1819,2400
1820,1920
1821,840
1822,1860
1823,900
1824,1020
1825,1080
1826,480
1827,1380
1828,960
1829,600
1830,1140
1831,1320
1832,1320
1833,540
1834,600
1835,1980
1836,1440
1837,2100
1838,900
1839,900
1840,1860
1841,360
1842,2400
1843,900
1844,780
1845,840
1846,1320
1847,1320
1848,2160
1849,1320
1850,1020
1851,1380
1852,540
1853,1260
1854,2160
1855,2520
1856,540
1857,1860
1858,420
1859,1740
1860,1200
1861,1320
1863,1200
1864,2100
1865,720
1866,720
1867,960
1868,2400
1869,1080
1870,480
1871,1500
1872,2040
1873,1980
1874,1920
1875,480
1876,1560
1877,1260
1878,1260
1879,1260
1880,1800
1881,660
1882,540
1883,1980
1884,960
1885,1680
1886,1680
1887,2280
1888,1740
1889,600
1890,1140
1891,1080
1892,1500
1893,2160
1894,720
1895,1980
1896,660
1897,1680
1898,1140
1899,1080
1900,1020
1901,540
1902,780
1903,960
1904,2100
1905,960
1906,720
1907,1440
1908,2280
1909,1560
1910,1260
1911,1860
1912,1020
1913,1080
1914,1620
1915,720
1916,300
1917,900
1918,1140
1919,1320
1921,1680
1922,540
1924,1380
1925,840
1926,1860
1927,2460
1928,660
1929,480
1930,960
1931,1800
1932,2160
1933,1140
1934,780
1935,1380
1936,840
1937,1980
1938,960
1939,1020
1940,420
1941,1920
1942,600
1943,1500
1944,2160
1945,660
1946,1260
1947,1500
1948,1920
1949,540
1950,1440
1951,1440
1952,1920
1953,1680
1954,1920
1955,1080
1956,2280
1957,900
1959,1380
1960,1440
1962,1200
1963,1320
1964,1080
1965,2160
1966,1020
1967,420
1968,1440
1969,1200
1970,1800
1971,600
1973,1380
1974,1680
1975,2040
1976,1860
1977,360
1979,1380
1980,1980
1981,2100
1982,540
1983,1020
1984,1140
1985,720
1986,1260
1987,2340
1988,540
1989,1680
1990,1260
1991,540
1992,1500
1993,840
1994,2040
1995,1560
1996,2520
1998,2580
1999,1740
2002,1920
2003,1380
2005,1380
2007,240
2009,2580
2010,1800
2011,1680
2013,1800
2015,1260
2017,2040
2020,1920
2021,2040
2022,1980
2023,780
2024,1620
2025,1560
2026,1500
2027,1320
2028,1620
2029,2280
2030,840
2031,1860
2032,1740
2033,1980
2034,1200
2035,840
2036,1440
2037,1620
2038,1380
2041,1680
2042,0
2043,1020
2044,1380
2045,2520
2047,2040
2048,2220
2049,1200
2050,1260
2051,2340
2052,1680
2053,1800
2054,1920
2055,1980
2056,1140
2057,1620
2058,2220
2059,1440
2060,0
2061,780
2062,2520
2063,2160
2064,900
2065,1500
2066,660
2067,1020
2068,1020
2069,960
2071,1560
2072,1740
2073,1440
2074,2520
2075,840
2076,1860
2077,2280
2078,1560
2079,1380
2080,2400
2081,1980
2083,1500
2084,960
2085,1740
2086,1020
2087,960
2088,1200
2089,2100
2090,1800
2092,2220
2093,1680
2094,1440
2095,1020
2097,1080
2098,2100
2099,1440
2101,2400
2102,1620
2103,960
2104,1620
2105,2220
2106,1920
2107,600
2108,840
2109,2400
2110,540
2111,2520
2112,1560
2114,2040
2115,660
2116,1380
2117,1800
2118,2280
2119,2040
2121,1980
2122,420
2123,780
2124,1260
2125,2280
2126,2280
2128,2100
2129,480
2130,480
2132,1080
2133,2280
2134,2040
2137,1740
2140,960
2141,1560
2142,2460
2143,2220
2144,1860
2145,1920
2146,1980
2147,1920
2148,1860
2149,2520
2152,1080
2153,1260
2154,1680
2155,1620
2156,1920
2157,1260
2158,1680
2160,1680
2161,1980
2162,2220
2165,1440
2166,2100
2167,1500
2168,2280
2169,1800
2170,1260
2171,1260
2172,1860
2173,1440
2174,1560
2175,1740
2176,1680
2177,2100
2178,960
2179,1200
2180,1560
2181,1620
2182,2460
2183,1320
2184,2280
2185,780
2186,1980
2189,840
2190,1920
2191,2160
2192,2040
2193,1620
2194,1320
2196,1260
2198,1260
2199,1860
2200,1080
2201,1500
2202,1020
2203,1020
2204,1920
2205,2460
2206,1380
2207,1620
2208,1320
2210,1920
2211,1920
2212,1800
2213,2220
2214,840
2217,1440
2218,1860
2219,1260
2220,1800
2221,1380
2222,1500
2223,2520
2224,1740
2225,1320
2226,1860
2227,1620
2228,1080
2229,2340
2230,1440
2231,1620
2232,1320
2233,2160
2234,1080
2235,1380
2236,1320
2237,1980
2238,1800
2239,1440
2240,1500
2242,960
2243,1620
2244,780
2245,540
2246,1500
2247,2040
2248,1200
2249,600
2250,1140
2251,1800
2252,1020
2253,1380
2254,720
2256,0
2257,360
2258,1500
2259,1260
2260,2340
2261,2340
2262,1860
2263,1920
2265,1920
2266,60
2267,2400
2268,720
2269,1620
2270,1620
2271,1800
2272,720
2273,2220
2274,540
2275,1680
2276,840
2277,120
2278,780
2279,240
2280,540
2281,660
2282,840
2283,1500
2284,960
2285,1680
2290,1200
2291,1020
2292,1020
2293,2580
2294,1260
2295,2400
2296,1980
2297,240
2298,1020
2299,900
2300,840
2301,960
2302,540
2303,1380
2304,1500
2305,720
2306,1680
2307,2400
2309,1620
2310,1380
2311,1440
2313,2400
2314,1200
2315,1680
2319,960
2320,1620
2321,300
2322,2100
2323,2040
2324,1680
2326,1920
2327,360
2328,1080
2330,240
2333,1320
2334,1080
2336,2100
2337,600
2338,960
2339,1380
2341,1500
2342,1680
2343,1560
2345,2040
2346,1560
2347,1680
2348,1200
2349,2280
2350,1620
2351,1800
2352,1620
2353,1620
2354,1380
2355,2220
2356,2520
2357,1140
2358,1440
2359,1380
2360,1920
2362,2280
2363,2520
2364,2340
2365,1260
2366,1440
2368,1320
2369,1860
2371,2640
2372,1020
2373,1500
2375,1980
2377,2100
2378,1200
2379,1260
2380,1740
2381,1620
2382,1440
2383,1980
2384,1860
2385,1100
2386,1740
2387,1740
2388,1440
2390,1560
2391,1980
2392,2460
2394,1920
2395,1380
2397,1620
2398,1800
2399,1140
2400,2160
2401,2100
2402,1380
2403,1440
2404,2340
2405,1620
2407,1740
2408,1560
2409,1860
2410,1620
2411,2040
2413,2040
2414,1980
2415,1380
2416,1500
2417,1560
2418,1320
2419,2280
2420,1860
2421,1680
2422,1380
2423,2160
2424,1740
2425,1440
2426,1620
2427,1680
2428,1920
2429,1860
2431,2100
2432,1440
2433,2100
2435,1620
2436,1680
2437,1740
2438,1500
2439,1620
2440,1680
2441,2100
2442,1920
2443,1620
2444,2400
2445,1800
2446,2100
2447,2280
2448,1500
2449,1680
2451,1440
2452,0
2453,1380
2454,1740
2455,1860
2456,1560
2457,1680
2458,1500
2459,1200
2460,840
2462,1620
2463,2100
2464,1500
2465,720
2466,1980
2467,2100
2468,2220
2469,2460
2470,2460
2471,1440
2472,1260
2473,2280
2474,1440
2475,1320
2476,1200
2477,1740
2478,1020
2479,2280
2480,1200
2481,1380
2482,1860
2483,1500
2484,1620
2485,780
2486,600
2487,1980
2488,1380
2489,1080
2490,1740
2491,1740
2492,1500
2493,900
2494,2040
2495,1800
2496,2640
2497,1440
2498,480
2499,780
2500,720
2501,600
2502,540
2504,1260
2505,780
2506,1200
2507,480
2509,1380
2510,1320
2511,1260
2512,1200
2513,960
2514,1260
2515,1920
2516,2100
2517,1320
2518,1140
2519,1380
2520,2040
2521,0
2523,1320
2524,1140
2525,960
2526,1080
2527,1740
2528,1020
2529,1140
2530,840
2531,1080
2532,1440
2533,1500
2534,1200
2535,900
2536,600
2537,1200
2538,600
2539,1740
2540,1320
2541,1200
2542,720
2543,660
2544,1140
2545,720
2546,1800
2547,0
2548,0
2549,300
2550,240
2551,660
2552,120
2553,0
2554,420
2555,0
2556,1200
2557,300
2558,0
2559,720
2560,120
2561,180
2562,540
2563,480
2564,60
2565,60
2566,60
2567,120
2568,420
2569,60
2570,60
2571,60
2572,0
2573,60
2574,0
2575,180
2576,780
2577,780
2578,1140
2579,960
2580,1200
2581,780
2582,600
2583,480
2584,600
2585,360
2586,420
2587,1140
2588,1140
2589,660
2590,780
2591,1560
2592,900
2593,840
2594,1140
2595,0
2596,1680
2597,2040
2598,960
2599,1260
2600,1560
2601,1380
2602,1380
2603,720
2604,960
2605,960
2606,1080
2607,1020
2608,780
2609,960
2610,1440
2611,1020
2612,720
2613,720
2614,720
2615,1680
2616,2160
2617,960
2618,420
2619,540
2620,2460
2621,360
2622,960
2623,2280
2624,900
2625,1380
2626,1320
2627,1200
2628,1380
2629,1440
2630,960
2631,1140
2632,960
2633,1620
2634,840
2636,900
2637,1860
2638,1020
2639,1020
2640,1140
2641,960
2642,960
2643,1080
2644,900
2645,1620
2646,960
2647,1140
2648,960
2649,1080
2650,720
2651,1140
2652,780
2653,780
2654,1680
2655,780
2656,840
2657,1020
2658,900
2659,960
2660,660
2661,1200
2662,600
2663,1080
2664,780
2665,960
2666,1260
2667,660
2668,540
2669,1020
2670,1800
2671,660
2672,600
2673,600
2674,660
2675,360
2676,1080
2677,300
2678,900
2679,720
2680,300
2681,240
2682,660
2683,300
2684,360
2685,300
2686,420
2687,240
2688,420
2689,300
2690,120
2691,240
2692,480
2693,840
2694,840
2695,1140
2696,1020
2697,960
2698,960
2699,1080
2700,240
2701,300
2702,720
2703,300
2704,480
2705,540
2706,720
2707,600
2708,0
2710,300
2711,360
2712,600
2713,360
2714,540
2715,1560
2716,840
2717,360
2718,420
2719,420
2720,480
2721,2160
2722,540
2723,540
2724,0
2725,1140
2726,840
2727,300
2728,120
2729,780
2730,840
2731,780
2732,780
2733,720
2734,1320
2735,780
2736,960
2737,1080
2738,1020
2739,1260
2740,900
2741,720
2742,840
2743,900
2744,1080
2745,1020
2746,1620
2747,1920
2748,900
2749,1320
2750,960
2751,720
2752,720
2753,600
2754,480
2755,480
2756,480
2757,480
2758,480
2759,360
2760,600
2761,360
2762,240
2763,300
2764,240
2765,180
2766,600
2767,240
2768,720
2769,360
2771,360
2772,1680
2773,300
2774,660
2775,720
2776,660
2777,780
2778,240
2779,720
2780,1380
2781,0
2782,780
2783,480
2784,780
2785,840
2786,960
2787,1320
2788,1080
2789,780
2790,1200
2791,1380
2792,1260
2794,840
2795,1140
2796,0
2797,0
2798,0
2799,0
2800,480
2801,300
2803,360
2804,0
2805,2460
2806,0
2807,2040
2808,180
2809,1380
2810,2640
2811,1320
2812,900
2813,900
2814,780
2815,900
2816,1500
2817,1500
2818,1740
2819,1080
2820,840
2821,840
2822,1320
2823,1440
2824,1140
2825,1200
2826,1320
2827,900
2828,1200
2829,900
2830,960
2831,1260
2832,960
2833,720
2834,1200
2835,1020
2836,1620
2837,1380
2838,1440
2839,840
2840,900
2841,1260
2842,1020
2843,1200
2844,780
2845,960
2846,1320
2847,960
2848,960
2849,1140
2850,1140
2851,960
2852,720
2853,780
2854,840
2855,1020
2856,780
2857,1080
2858,1740
2859,1080
2860,1200
2861,900
2862,840
2863,840
2864,1200
2865,1020
2866,1500
2867,1140
2868,840
2869,840
2870,720
2871,1080
2872,1380
2873,1560
2874,1320
2879,2100
2880,2040
2882,2520
2885,2220
2886,1920
2887,2460
2889,540
2891,840
2892,960
2893,660
2894,1020
2895,600
2896,900
2897,900
2898,720
2899,780
2900,1020
2901,1680
2902,1020
2903,900
2904,960
2905,1080
2906,1020
2907,840
2908,840
2909,720
2910,1620
2911,780
2912,1020
2913,660
2914,600
2915,1020
2916,1560
2917,900
2918,900
2919,1380
2920,900
2921,960
2922,1140
2923,1200
2924,1260
2925,900
2926,900
2927,840
2928,1560
2929,960
2930,1020
2931,840
2932,840
2933,720
2934,1860
2935,1020
2936,840
2937,780
2938,1140
2939,720
2940,900
2941,1200
2942,1440
2943,1140
2944,900
2945,720
2946,1260
2947,1320
2948,960
2949,780
2950,1020
2951,840
2952,1200
2953,900
2954,1680
2955,1740
2956,780
2957,900
2958,1080
2959,1140
2960,1200
2961,900
2962,1140
2963,1200
2964,1800
2965,1020
2966,1140
2967,960
2968,840
2969,960
2970,1080
2971,660
2972,840
2973,960
2974,960
2975,600
2976,1320
2977,2460
2978,1260
2979,1080
2980,1140
2981,1080
2982,1200
2983,1260
2984,1320
2985,1200
2986,1380
2987,1800
2988,1740
2989,1260
2990,2580
2991,1740
2992,1560
2993,1620
2994,1800
2995,1380
2996,2220
2997,1740
2998,2100
2999,1620
3000,2160
3001,2040
3002,1500
3003,1260
3004,1200
3005,1620
3006,1140
3007,2280
3008,120
3009,0
3010,120
3011,960
3012,540
3013,540
3014,1380
3015,1620
3016,900
3017,1020
3018,480
3019,1080
3020,780
3021,900
3022,360
3023,240
3024,0
3025,420
3026,180
3027,660
3028,720
3029,2460
3030,1100
3031,540
3032,660
3033,960
3034,360
3035,480
3036,360
3037,600
3038,900
3039,420
3040,720
3041,840
3042,1680
3043,180
3044,60
3045,360
3046,240
3047,240
3048,240
3049,120
3050,180
3051,120
3052,360
3053,180
3054,120
3055,60
3056,240
3057,60
3058,240
3059,60
3060,1500
3061,900
3062,240
3063,300
3064,540
3065,300
3066,360
3067,300
3068,0
3069,300
3070,420
3071,120
3072,120
3073,180
3074,360
3075,60
3076,300
3077,360
3078,0
3079,60
3080,180
3081,360
3082,180
3083,240
3084,60
3085,720
3086,0
3087,180
3088,540
3089,600
3090,180
3091,60
3092,360
3093,300
3094,0
3095,60
3096,0
3097,60
3098,300
3099,540
3100,240
3101,180
3102,0
3103,300
3104,60
3105,1380
3106,180
3107,180
3108,540
3109,0
3110,180
3111,300
3112,360
3113,180
3114,300
3115,180
3116,60
3117,240
3118,0
3119,0
3120,60
3121,120
3122,0
3123,600
3124,60
3125,120
3126,180
3127,120
3128,60
3129,1140
3130,240
3131,60
3132,0
3133,900
3134,300
3135,120
3136,780
3138,180
3139,240
3140,0
3141,180
3142,60
3143,120
3144,360
3145,300
3146,1080
3147,180
3148,420
3149,180
3150,780
3151,960
3152,420
3153,180
3154,0
3155,0
3156,60
3157,0
3158,60
3159,300
3160,60
3161,180
3162,240
3163,120
3164,0
3165,300
3166,180
3167,360
3168,120
3169,120
3170,480
3171,600
3172,60
3173,300
3174,240
3175,240
3176,1320
3177,0
3178,720
3179,420
3180,240
3181,900
3182,60
3183,60
3184,180
3185,300
3186,360
3187,1260
3188,0
3189,180
3190,300
3191,120
3192,360
3193,120
3194,2280
3195,180
3196,240
3197,360
3198,180
3199,600
3200,0
3201,60
3202,0
3203,360
3204,60
3205,240
3206,840
3207,120
3208,0
3209,360
3210,780
3211,180
3212,0
3213,240
3214,600
3215,0
3216,300
3217,300
3218,420
3219,0
3220,60
3221,120
3222,60
3223,1380
3224,1260
3225,1140
3226,1440
3227,900
3228,720
3229,1020
3230,1020
3231,720
3232,720
3233,1140
3234,900
3235,960
3236,720
3237,420
3238,900
3239,720
3240,720
3241,960
3242,780
3243,480
3244,840
3245,960
3246,1320
3247,1020
3248,720
3249,540
3250,540
3251,780
3252,1020
3253,480
3254,840
3255,480
3256,1800
3257,540
3258,720
3259,1020
3260,1320
3261,1440
3262,720
3263,900
3264,1440
3265,840
3266,960
3267,1980
3268,900
3269,960
3270,540
3271,720
3272,960
3273,1560
3274,960
3275,900
3276,600
3277,660
3278,840
3279,1680
3280,660
3281,1080
3282,660
3283,480
3284,600
3285,300
3286,900
3287,600
3288,900
3289,1020
3290,1020
3291,840
3292,960
3293,660
3294,1080
3295,540
3296,840
3297,720
3298,1500
3299,780
3300,540
3301,480
3302,900
3303,1200
3304,480
3305,660
3306,600
3307,660
3308,660
3309,1620
3310,540
3311,660
3312,480
3313,1380
3314,1140
3315,660
3316,840
3317,960
3318,1260
3319,780
3320,660
3321,840
3322,1860
3323,0
3324,1920
3325,600
3326,780
3327,480
3328,900
3329,720
3330,780
3331,480
3332,1380
3333,960
3334,660
3335,720
3336,540
3337,540
3338,660
3339,720
3340,0
3341,660
3342,900
3343,1080
3344,1140
3345,1020
3346,1440
3347,960
3348,1020
3349,1620
3350,1020
3351,1020
3353,1380
3354,1560
3355,1260
3356,1440
3357,1380
3358,1380
3359,1260
3360,840
3361,1140
3362,1140
3363,2160
3364,900
3365,1080
3366,1440
3367,600
3369,900
3370,720
3371,540
3372,540
3373,720
3374,840
3376,780
3377,1560
3378,2160
3381,2460
3382,1680
3383,1920
3386,2580
3387,1860
3390,1680
3392,2100
3393,1020
3394,1140
3396,900
3397,900
3398,1680
3399,1380
3400,2640
3401,840
3402,1080
3403,1080
3404,1320
3405,840
3406,1020
3407,1020
3408,960
3409,900
3410,900
3411,840
3412,900
3413,1080
3414,1380
3415,900
3416,720
3417,1140
3418,1980
3419,900
3420,840
3421,1020
3422,720
3423,1020
3424,900
3425,1560
3426,1020
3427,1140
3428,1860
3429,900
3430,900
3431,840
3432,660
3433,1140
3434,720
3435,1620
3436,1020
3437,1020
3438,660
3439,1140
3440,1020
3441,720
3442,240
3443,1020
3444,1140
3445,1020
3446,900
3447,0
3448,1440
3449,780
3450,900
3451,960
3452,0
3453,720
3454,1320
3455,660
3456,720
3457,600
3458,540
3459,900
3460,480
3461,540
3462,900
3463,480
3464,660
3465,720
3466,1020
3467,600
3468,1080
3469,660
3470,540
3471,480
3472,600
3473,900
3474,600
3475,780
3476,720
3477,660
3478,840
3479,900
3480,900
3481,840
3482,1260
3483,780
3484,480
3485,900
3486,600
3487,900
3488,660
3489,1440
3490,720
3491,780
3492,840
3493,600
3494,1620
3495,660
3496,840
3497,780
3498,1080
3499,660
3500,360
3501,300
3502,420
3503,600
3504,120
3505,360
3506,0
3507,300
3508,300
3509,900
3510,600
3511,480
3512,300
3513,600
3514,480
3515,300
3516,300
3517,300
3518,240
3519,420
3520,420
3521,240
3522,180
3523,180
3524,960
3525,900
3526,300
3527,240
3528,600
3529,660
3530,660
3531,120
3532,480
3533,60
3534,1080
3535,180
3536,780
3537,240
3538,420
3539,480
3540,120
3541,120
3542,420
3543,600
3544,360
3545,360
3546,180
3547,480
3548,180
3549,600
3550,300
3551,840
3552,1380
3553,240
3554,660
3555,780
3556,240
3557,480
3558,240
3559,240
3560,660
3561,420
3562,1680
3563,780
3564,480
3565,660
3566,660
3567,600
3568,360
3569,300
3570,0
3571,540
3573,300
3574,300
3575,180
3576,360
3577,360
3578,420
3579,480
3580,660
3581,540
3582,0
3583,600
3584,480
3585,1080
3586,480
3587,540
3588,420
3589,360
3590,240
3591,120
3592,300
3593,180
3594,960
3595,720
3596,480
3597,360
3598,0
3599,720
3600,420
3601,240
3602,600
3603,180
3604,1020
3605,360
3606,840
3607,300
3608,420
3609,360
3610,420
3611,420
3612,420
3613,660
3614,660
3615,300
3616,600
3617,360
3618,300
3619,240
3620,1020
3621,120
3622,420
3623,240
3624,540
3625,540
3626,240
3627,420
3628,360
3629,360
3630,1140
3631,780
3632,300
3633,300
3634,360
3635,300
3636,300
3637,900
3638,600
3639,420
3640,600
3641,360
3642,120
3643,300
3644,240
3645,180
3646,1380
3648,240
3649,1020
3650,180
3651,1740
3652,420
3653,480
3654,1020
3655,180
3656,420
3657,420
3658,240
3659,420
3660,600
3661,180
3662,480
3663,660
3664,300
3665,960
3666,360
3667,720
3668,480
3669,240
3670,360
3671,600
3672,420
3673,780
3674,540
3675,480
3676,420
3677,420
3678,300
3679,420
3680,480
3681,1140
3682,480
3683,540
3684,420
3685,780
3686,300
3687,600
3688,300
3689,480
3690,480
3691,660
3692,240
3693,240
3694,360
3695,420
3696,540
3697,420
3698,180
3699,360
3700,300
3701,540
3702,180
3703,300
3704,1080
3705,240
3706,1740
3707,360
3708,360
3709,300
3710,240
3711,480
3712,420
3713,780
3714,360
3715,240
3716,360
3717,180
3718,660
3719,360
3720,300
3721,180
3722,1200
3723,960
3724,660
3725,360
3726,360
3727,240
3728,300
3729,300
3730,240
3731,360
3732,1380
3733,300
3734,540
3735,240
3736,120
3737,360
3738,300
3739,180
3740,180
3741,480
3742,480
3743,2400
3744,480
3745,300
3746,420
3747,1260
3748,240
3749,240
3750,300
3751,420
3752,180
3753,660
3754,600
3755,180
3756,360
3757,300
3758,240
3759,660
3761,540
3762,540
3763,600
3764,480
3765,240
3766,540
3767,540
3768,480
3770,780
3771,360
3772,420
3773,540
3774,780
3775,720
3776,420
3777,720
3778,180
3779,480
3780,660
3781,60
3782,360
3783,360
3784,480
3785,1080
3786,660
3787,360
3788,360
3789,300
3790,420
3791,720
3792,360
3793,360
3794,1440
3795,300
3796,480
3797,540
3799,600
3800,900
3801,540
3802,1320
3803,1020
3804,780
3805,540
3806,660
3807,480
3808,1020
3809,780
3810,840
3811,600
3812,780
3813,1020
3814,1440
3815,1800
3816,2520
3817,2220
3818,1740
3819,2220
3822,420
3823,420
3824,420
3825,60
3826,540
3827,1500
3828,480
3829,720
3830,840
3831,420
3832,2520
3833,1020
3834,600
3835,360
3836,1020
3837,540
3839,420
3840,1200
3841,1260
3842,1320
3843,1560
3844,1080
3845,780
3847,720
3848,1020
3849,1440
3850,1260
3851,900
3852,1560
3853,1380
3854,960
3855,1200
3856,1080
3857,2220
3858,1260
3859,1440
3860,1140
3861,840
3862,780
3863,960
3864,1260
3865,1440
3866,900
3867,960
3868,1080
3869,540
3870,240
3871,660
3872,900
3873,360
3874,180
3875,420
3876,0
3877,300
3878,240
3879,420
3880,360
3881,300
3882,480
3883,420
3884,420
3885,540
3886,360
3887,300
3888,240
3889,540
3890,600
3891,120
3892,240
3893,780
3894,300
3895,360
3896,540
3897,300
3898,660
3899,600
3900,240
3901,360
3902,480
3903,540
3904,600
3905,360
3906,300
3907,840
3908,1020
3909,1740
3910,1440
3911,840
3912,960
3913,1260
3914,1260
3915,900
3916,1200
3917,1260
3918,660
3919,1260
3920,780
3921,1680
3922,1020
3923,900
3924,840
3925,960
3926,840
3927,900
3928,540
3929,1620
3930,60
3931,1080
3932,480
3933,1080
3934,300
3935,960
3936,780
3937,1140
3938,840
3939,1080
3940,960
3941,840
3942,900
3943,840
3944,900
3945,1140
3946,1140
3947,1380
3948,600
3949,900
3950,780
3951,1080
3952,780
3953,720
3954,600
3955,780
3956,660
3957,540
3958,300
3959,480
3960,300
3961,840
3962,240
3963,420
3964,1440
3965,720
3966,840
3967,1860
3968,1260
3969,780
3970,660
3971,900
3972,360
3973,840
3974,660
3975,1020
3976,120
3977,2100
3978,780
3979,600
3980,840
3981,840
3982,360
3983,1020
3984,780
3985,780
3986,420
3987,1020
3988,720
3989,1140
3990,600
3991,60
3992,60
3993,840
3994,2220
3995,1500
3996,960
3997,2280
3998,240
3999,1560
4000,0
4001,0
4002,660
4003,180
4004,0
4005,0
4006,300
4007,180
4008,0
4009,300
4010,60
4011,180
4012,180
4013,60
4014,0
4015,180
4016,420
4017,960
4018,180
4019,180
4020,300
4021,300
4022,300
4023,420
4024,120
4025,660
4026,660
4027,0
4028,0
4029,0
4030,300
4031,360
4032,600
4033,240
4034,360
4035,0
4036,300
4037,1020
4038,60
4039,0
4040,420
4041,180
4042,180
4043,720
4044,360
4045,720
4046,180
4047,480
4048,540
4049,180
4050,900
4051,180
4052,60
4053,0
4054,420
4055,180
4056,420
4057,60
4058,300
4059,0
4060,180
4061,240
4062,180
4063,60
4064,0
4065,60
4066,0
4067,600
4068,420
4069,0
4070,180
4071,120
4072,0
4073,480
4074,660
4075,60
4076,540
4077,1440
4078,180
4079,60
4080,540
4081,180
4082,120
4083,60
4084,0
4085,180
4086,60
4087,480
4088,300
4089,1980
4090,120
4091,480
4092,120
4094,420
4095,180
4096,120
4097,300
4098,120
4099,0
4100,60
4101,60
4102,180
4103,420
4104,120
4105,300
4106,60
4107,420
4108,540
4109,60
4110,1140
4111,840
4112,600
4113,1020
4114,1020
4115,480
4116,840
4117,1200
4118,540
4119,2520
4120,900
4121,660
4122,780
4123,660
4124,660
4125,600
4126,540
4127,540
4128,0
4129,1020
4130,720
4131,1020
4132,420
4133,540
4134,720
4135,540
4136,1200
4137,540
4138,900
4139,660
4140,780
4141,720
4142,900
4143,720
4144,600
4145,900
4146,780
4147,600
4148,660
4149,1500
4150,540
4151,660
4152,660
4153,1020
4154,900
4155,420
4156,1560
4157,480
4158,720
4159,780
4160,840
4161,540
4162,600
4163,360
4164,960
4165,540
4166,660
4167,660
4168,780
4169,600
4170,480
4171,780
4172,960
4173,360
4174,420
4175,660
4176,840
4177,660
4178,600
4179,720
4180,960
4181,660
4182,780
4183,720
4184,1200
4185,420
4186,600
4187,720
4188,600
4189,1200
4190,1440
4191,420
4192,1080
4193,1080
4194,660
4195,660
4196,600
4197,1200
4198,1020
4199,1020
4200,780
4201,720
4202,1020
4203,540
4204,900
4205,840
4206,720
4207,660
4208,360
4209,1800
4210,1380
4211,1320
4212,780
4213,1020
4214,960
4215,780
4216,1020
4217,840
4218,1380
4219,660
4220,1080
4221,600
4222,720
4223,840
4224,720
4225,660
4226,840
4227,1320
4228,1380
4229,1560
4230,720
4231,540
4232,900
4233,1080
4234,960
4235,720
4236,1680
4237,1080
4238,1500
4239,1860
4240,1080
4241,900
4242,1500
4243,1260
4244,2400
4245,1440
4246,1200
4247,1080
4248,600
4249,780
4250,660
4251,540
4252,480
4253,1380
4254,780
4255,600
4256,660
4257,900
4258,480
4259,840
4260,840
4261,780
4262,1140
4263,600
4264,840
4265,600
4266,900
4267,660
4268,840
4269,720
4270,720
4271,420
4272,960
4273,1140
4274,540
4275,540
4276,1140
4277,1080
4278,840
4279,840
4280,660
4281,1620
4282,1260
4283,960
4284,600
4285,660
4286,480
4287,420
4288,780
4289,840
4290,1560
4291,900
4292,1140
4293,720
4294,480
4295,480
4296,600
4297,720
4298,1200
4299,420
4300,900
4301,540
4302,600
4303,480
4304,780
4305,660
4306,780
4307,840
4308,480
4309,660
4310,780
4311,900
4312,480
4313,420
4314,600
4315,840
4316,840
4317,660
4318,960
4319,900
4320,660
4321,1020
4322,1560
4323,540
4324,600
4325,1200
4326,720
4327,540
4328,300
4329,480
4330,900
4331,420
4332,420
4333,600
4334,840
4335,1140
4336,720
4337,540
4338,600
4339,780
4340,540
4341,660
4342,360
4343,540
4344,420
4345,480
4346,420
4347,540
4348,600
4349,780
4350,780
4351,540
4352,720
4353,720
4354,660
4355,780
4356,660
4357,1140
4358,840
4359,780
4360,540
4361,840
4362,1560
4363,600
4364,780
4365,720
4366,360
4367,900
4368,780
4369,540
4370,1020
4371,720
4372,480
4373,960
4374,780
4375,1140
4376,780
4377,900
4378,420
4379,900
4380,1080
4381,840
4382,600
4383,900
4384,1080
4385,960
4386,660
4387,660
4388,540
4389,780
4390,1200
4391,480
4392,720
4393,1380
4394,780
4395,720
4396,900
4397,1020
4398,900
4399,900
4400,840
4401,720
4402,780
4403,720
4404,960
4405,1860
4406,960
4407,780
4408,780
4409,1080
4410,1620
4411,840
4412,960
4413,600
4414,960
4415,1500
4416,1620
4417,600
4418,420
4419,840
4420,840
4421,540
4422,780
4423,780
4424,600
4425,480
4426,540
4427,720
4428,780
4429,600
4430,660
4431,720
4432,660
4433,540
4434,420
4435,360
4436,600
4437,420
4438,780
4439,480
4440,660
4441,540
4442,480
4443,480
4444,480
4445,480
4446,720
4447,1200
4448,600
4449,720
4450,600
4451,720
4452,840
4453,600
4454,660
4455,540
4456,360
4457,600
4458,540
4459,720
4460,960
4461,840
4462,720
4463,600
4464,240
4465,840
4466,900
4467,360
4468,480
4469,660
4470,660
4471,660
4472,420
4473,660
4474,480
4475,1200
4476,480
4477,240
4478,780
4479,480
4480,1080
4481,540
4482,1200
4483,720
4484,480
4485,540
4486,600
4487,480
4488,480
4489,420
4490,1020
4491,660
4492,480
4493,1140
4494,1320
4495,900
4496,2580
4497,600
4498,720
4499,600
4500,840
4501,780
4502,720
4503,540
4504,600
4505,600
4506,420
4507,720
4508,1020
4509,660
4510,480
4511,1020
4512,720
4513,360
4514,600
4515,900
4516,900
4517,600
4518,1260
4519,720
4520,1620
4521,660
4522,600
4523,660
4524,480
4525,720
4526,780
4527,1020
4528,360
4529,420
4530,1140
4531,540
4532,540
4533,1200
4534,1260
4535,720
4536,480
4537,540
4538,1860
4539,1080
4540,660
4541,540
4542,420
4543,1380
4544,360
4545,2220
4546,540
4547,360
4548,480
4549,1080
4550,540
4551,480
4552,1200
4553,360
4554,720
4555,900
4556,660
4557,600
4558,240
4559,180
4560,480
4561,840
4562,360
4563,420
4564,360
4565,240
4566,180
4567,300
4568,480
4569,1680
4570,480
4571,240
4572,540
4573,0
4574,960
4575,420
4576,600
4577,480
4578,540
4579,420
4580,300
4581,120
4582,540
4583,660
4584,600
4585,780
4586,540
4587,600
4588,420
4589,600
4590,1020
4591,420
4592,300
4593,360
4594,540
4595,480
4596,180
4597,600
4598,600
4599,300
4600,540
4601,240
4602,240
4603,600
4604,240
4605,660
4606,1080
4607,420
4608,360
4609,300
4610,1200
4611,300
4612,240
4613,300
4614,240
4615,360
4616,360
4617,240
4618,720
4619,480
4620,540
4621,480
4622,420
4623,600
4624,600
4625,540
4626,540
4627,360
4628,300
4629,360
4630,300
4631,780
4632,300
4633,720
4634,540
4635,600
4636,480
4637,360
4638,300
4639,600
4640,660
4641,600
4642,60
4643,480
4644,300
4645,540
4646,180
4647,180
4648,540
4649,420
4650,240
4651,960
4652,180
4653,600
4654,420
4655,600
4656,1500
4657,420
4658,240
4659,420
4660,540
4661,480
4662,360
4663,240
4664,300
4665,120
4666,300
4667,180
4668,1260
4669,240
4670,300
4671,120
4672,900
4673,540
4674,180
4675,240
4676,420
4677,300
4678,360
4679,300
4680,480
4681,420
4682,120
4683,480
4684,300
4685,480
4686,420
4687,600
4688,900
4689,780
4690,960
4691,840
4692,960
4693,960
4694,600
4696,780
4697,1440
4698,1500
4699,900
4700,1200
4701,1260
4702,1440
4703,780
4704,780
4705,960
4706,840
4707,900
4708,1320
4709,1020
4710,660
4711,600
4712,720
4713,720
4714,1020
4715,720
4716,900
4717,960
4718,1980
4719,1140
4720,960
4721,840
4722,720
4723,900
4724,840
4725,900
4726,720
4727,780
4728,1080
4729,660
4730,1140
4731,600
4732,1860
4733,600
4734,1260
4735,1020
4736,900
4737,840
4738,420
4739,660
4740,600
4741,1020
4742,600
4743,780
4744,660
4745,1440
4746,600
4747,900
4748,600
4749,840
4750,840
4751,960
4752,1380
4753,780
4754,840
4755,780
4756,420
4757,660
4758,780
4759,900
4760,660
4761,720
4762,1020
4763,480
4764,1020
4765,2400
4766,660
4767,780
4768,900
4769,780
4770,600
4771,720
4772,780
4773,900
4774,720
4775,900
4776,840
4777,540
4778,720
4779,660
4780,840
4781,840
4782,600
4783,840
4784,840
4785,1020
4786,960
4787,1500
4788,480
4789,720
4790,660
4791,480
4792,660
4793,1500
4794,720
4795,1200
4796,840
4797,540
4798,660
4799,720
4800,960
4801,600
4802,1080
4803,660
4804,780
4805,2040
4806,960
4807,1380
4808,480
4809,660
4810,720
4811,1140
4812,780
4813,840
4814,540
4815,780
4816,960
4817,540
4818,540
4819,480
4820,600
4821,600
4822,780
4823,1740
4824,780
4825,840
4826,900
4827,600
4828,660
4829,1920
4830,900
4831,720
4832,480
4833,1020
4834,600
4835,1200
4836,780
4837,1200
4838,780
4839,720
4840,540
4841,720
4842,660
4843,660
4844,960
4845,900
4846,540
4847,900
4848,900
4849,900
4850,1020
4851,960
4852,540
4853,480
4854,1380
4855,660
4856,840
4857,960
4858,720
4859,600
4860,1020
4861,1320
4862,360
4863,540
4864,960
4865,1140
4866,660
4868,480
4869,960
4870,900
4871,1560
4872,900
4873,840
4874,780
4875,1080
4876,600
4877,660
4878,840
4879,960
4880,840
4881,720
4882,660
4883,720
4884,1020
4885,600
4886,360
4887,300
4888,540
4889,660
4890,180
4891,480
4892,240
4893,300
4894,240
4895,180
4896,300
4897,540
4898,240
4899,720
4900,780
4901,840
4902,600
4903,600
4904,660
4905,960
4906,720
4907,1500
4908,720
4909,840
4910,780
4911,540
4912,1080
4913,600
4914,540
4915,600
4916,660
4917,720
4918,720
4919,900
4920,1200
4921,540
4922,600
4923,540
4924,720
4925,840
4926,480
4927,960
4928,660
4929,540
4930,900
4931,840
4932,840
4933,480
4934,660
4935,1140
4936,600
4937,1080
4938,960
4939,960
4940,900
4941,600
4942,1260
4943,720
4944,1740
4946,1440
4947,660
4948,660
4949,960
4950,480
4951,660
4952,540
4953,600
4954,720
4955,660
4956,660
4957,600
4958,480
4959,480
4960,840
4961,540
4962,900
4963,600
4964,720
4965,480
4966,600
4967,540
4968,600
4969,780
4970,660
4971,720
4972,600
4973,600
4974,1080
4975,720
4976,900
4977,1080
4978,1080
4979,480
4980,780
4981,960
4982,900
4983,1200
4984,600
4985,720
4986,600
4987,480
4988,660
4989,780
4990,420
4991,840
4992,660
4993,660
4994,660
4995,540
4996,540
4997,360
4998,900
4999,960
